User Inputted Prompt,LLM Generated Query,ES Response,Human Readable Output,,,Which users have sent the most queries in the past 2 days?,"{""query"": {""bool"": {""filter"": [{""range"": {""event_date"": {""gte"": ""2023-07-06T00:00:00.000Z"",""lte"": ""2023-07-08T23:59:59.999Z""}}}]}},""size"": 0,""aggs"": {""unique_users"": {""terms"": {""field"": ""user"",""size"": 10,""order"": {""_count"": ""desc""}}}}}","{'took': 21, 'timed_out': False, '_shards': {'total': 180, 'successful': 180, 'skipped': 170, 'failed': 0}, 'hits': {'total': {'value': 10000, 'relation': 'gte'}, 'max_score': None, 'hits': []}, 'aggregations': {'unique_users': {'doc_count_error_upper_bound': 1, 'sum_other_doc_count': 102, 'buckets': [{'key': 'unknown', 'doc_count': 145361}, {'key': 'mshivanandamurthy', 'doc_count': 28431}, {'key': 'rchennuru', 'doc_count': 23169}, {'key': 'qa-infoblox', 'doc_count': 8393}, {'key': 'ti-detection', 'doc_count': 485}, {'key': 'osborneedward', 'doc_count': 202}, {'key': 'romerokevin', 'doc_count': 202}, {'key': 'jennifer48', 'doc_count': 189}, {'key': 'katherine16', 'doc_count': 188}, {'key': 'fmartin', 'doc_count': 14}]}}}",The user who sent the most queries in the past 2 days cannot be determined from the given json string as it does not contain any time-based information. The json string only contains information about the number of queries sent by each user.
Which users have sent the most queries in the past 2 days?,"{""query"": {""bool"": {""filter"": [{""range"": {""event_date"": {""gte"": ""2023-07-06T00:00:00.000Z"",""lte"": ""2023-07-08T23:59:59.999Z""}}}]}},""size"": 0,""aggs"": {""unique_users"": {""terms"": {""field"": ""user"",""size"": 10,""order"": {""_count"": ""desc""}}}}}","{'took': 18, 'timed_out': False, '_shards': {'total': 180, 'successful': 180, 'skipped': 170, 'failed': 0}, 'hits': {'total': {'value': 10000, 'relation': 'gte'}, 'max_score': None, 'hits': []}, 'aggregations': {'unique_users': {'doc_count_error_upper_bound': 1, 'sum_other_doc_count': 102, 'buckets': [{'key': 'unknown', 'doc_count': 145361}, {'key': 'mshivanandamurthy', 'doc_count': 28431}, {'key': 'rchennuru', 'doc_count': 23169}, {'key': 'qa-infoblox', 'doc_count': 8393}, {'key': 'ti-detection', 'doc_count': 485}, {'key': 'osborneedward', 'doc_count': 202}, {'key': 'romerokevin', 'doc_count': 202}, {'key': 'jennifer48', 'doc_count': 189}, {'key': 'katherine16', 'doc_count': 188}, {'key': 'fmartin', 'doc_count': 14}]}}}","The users who have sent the most queries in the past 2 days are listed under the ""buckets"" key in the ""unique_users"" aggregation. The list of users and their corresponding query counts are as follows: 

- unknown: 145361
- mshivanandamurthy: 28431
- rchennuru: 23169
- qa-infoblox: 8393
- ti-detection: 485
- osborneedward: 202
- romerokevin: 202
- jennifer48: 189
- katherine16: 188
- fmartin: 14",,,,,,
Which users have sent DNS queries?,"{""size"": 0, ""aggs"": {""unique_users"": {""cardinality"": {""field"": ""user.keyword""}}}}","{'took': 63, 'timed_out': False, '_shards': {'total': 180, 'successful': 180, 'skipped': 0, 'failed': 0}, 'hits': {'total': {'value': 10000, 'relation': 'gte'}, 'max_score': None, 'hits': []}, 'aggregations': {'unique_users': {'value': 0}}}",There are no users who have sent DNS queries.,,,,,,
Which users have sent DNS queries?,"{""size"": 0, ""aggs"": {""unique_users"": {""cardinality"": {""field"": ""user.keyword""}}}}","{'took': 89, 'timed_out': False, '_shards': {'total': 180, 'successful': 180, 'skipped': 0, 'failed': 0}, 'hits': {'total': {'value': 10000, 'relation': 'gte'}, 'max_score': None, 'hits': []}, 'aggregations': {'unique_users': {'value': 0}}}",There are no users who have sent DNS queries.,,,,,,
Which users have sent DNS queries?,"{""size"": 0, ""aggs"": {""unique_users"": {""cardinality"": {""field"": ""user.keyword""}}}}","{'took': 91, 'timed_out': False, '_shards': {'total': 180, 'successful': 180, 'skipped': 0, 'failed': 0}, 'hits': {'total': {'value': 10000, 'relation': 'gte'}, 'max_score': None, 'hits': []}, 'aggregations': {'unique_users': {'value': 0}}}","There are no users who have sent DNS queries. The value of ""unique_users"" in the output is 0.",,,,,,
Which users have sent the most queries in the past 2 days?,"{""query"": {""bool"": {""filter"": [{""range"": {""event_date"": {""gte"": ""2023-07-06T00:00:00.000Z"",""lte"": ""2023-07-08T23:59:59.999Z""}}}]}},""size"": 0,""aggs"": {""unique_users"": {""terms"": {""field"": ""user"",""size"": 10,""order"": {""_count"": ""desc""}}}}}","{'took': 27, 'timed_out': False, '_shards': {'total': 180, 'successful': 180, 'skipped': 170, 'failed': 0}, 'hits': {'total': {'value': 10000, 'relation': 'gte'}, 'max_score': None, 'hits': []}, 'aggregations': {'unique_users': {'doc_count_error_upper_bound': 1, 'sum_other_doc_count': 102, 'buckets': [{'key': 'unknown', 'doc_count': 145361}, {'key': 'mshivanandamurthy', 'doc_count': 28431}, {'key': 'rchennuru', 'doc_count': 23169}, {'key': 'qa-infoblox', 'doc_count': 8393}, {'key': 'ti-detection', 'doc_count': 485}, {'key': 'osborneedward', 'doc_count': 202}, {'key': 'romerokevin', 'doc_count': 202}, {'key': 'jennifer48', 'doc_count': 189}, {'key': 'katherine16', 'doc_count': 188}, {'key': 'fmartin', 'doc_count': 14}]}}}",The user 'mshivanandamurthy' has sent the most queries in the past 2 days.,,,,,,
Which users have sent DNS queries?,"{""size"": 0, ""aggs"": {""unique_users"": {""cardinality"": {""field"": ""user.keyword""}}}}","{'took': 25, 'timed_out': False, '_shards': {'total': 180, 'successful': 180, 'skipped': 0, 'failed': 0}, 'hits': {'total': {'value': 10000, 'relation': 'gte'}, 'max_score': None, 'hits': []}, 'aggregations': {'unique_users': {'value': 0}}}",There are no users who have sent DNS queries.,,,,,,
Which users have sent DNS queries?,"{""size"": 0, ""aggs"": {""unique_users"": {""cardinality"": {""field"": ""user.keyword""}}}}","{'took': 20, 'timed_out': False, '_shards': {'total': 180, 'successful': 180, 'skipped': 0, 'failed': 0}, 'hits': {'total': {'value': 10000, 'relation': 'gte'}, 'max_score': None, 'hits': []}, 'aggregations': {'unique_users': {'value': 0}}}","There are no users who have sent DNS queries. The value of ""unique_users"" in the output is 0.",,,,,,
Which users have sent DNS queries?,"{""size"": 0,""aggs"": {""distinct_users"": {""cardinality"": {""field"": ""user.keyword""}}}}","{'took': 79, 'timed_out': False, '_shards': {'total': 180, 'successful': 180, 'skipped': 0, 'failed': 0}, 'hits': {'total': {'value': 10000, 'relation': 'gte'}, 'max_score': None, 'hits': []}, 'aggregations': {'distinct_users': {'value': 0}}}",There are 0 distinct users who have sent DNS queries.,,,,,,
Which users have sent DNS queries?,"{""size"":0,""aggs"":{""distinct_users"":{""cardinality"":{""field"":""user.keyword""}}}}","{'took': 67, 'timed_out': False, '_shards': {'total': 180, 'successful': 180, 'skipped': 0, 'failed': 0}, 'hits': {'total': {'value': 10000, 'relation': 'gte'}, 'max_score': None, 'hits': []}, 'aggregations': {'distinct_users': {'value': 0}}}",There are 0 distinct users who have sent DNS queries.,,,,,,
Which users have sent DNS queries?,"{""size"": 0,""aggs"": {""distinct_users"": {""cardinality"": {""field"": ""user.keyword""}}}}","{'took': 49, 'timed_out': False, '_shards': {'total': 180, 'successful': 180, 'skipped': 0, 'failed': 0}, 'hits': {'total': {'value': 10000, 'relation': 'gte'}, 'max_score': None, 'hits': []}, 'aggregations': {'distinct_users': {'value': 0}}}",There are 0 distinct users who have sent DNS queries.,,,,,,
Where have the most queries come from?,"{""size"": 0, ""aggs"": {""top_countries"": {""terms"": {""field"": ""country"", ""size"": 1, ""order"": {""_count"": ""desc""}}}}}","{'took': 80, 'timed_out': False, '_shards': {'total': 180, 'successful': 180, 'skipped': 0, 'failed': 0}, 'hits': {'total': {'value': 10000, 'relation': 'gte'}, 'max_score': None, 'hits': []}, 'aggregations': {'top_countries': {'doc_count_error_upper_bound': 21, 'sum_other_doc_count': 12678, 'buckets': [{'key': 'unknown', 'doc_count': 41402}]}}}","The query result shows that there were 10000 hits and the top country with the most queries is ""unknown"" with a count of 41402.",,,,,,
What are the top 3 most frequent device type in my network?,"{""size"": 0, ""aggs"": {""top_devices"": {""terms"": {""field"": ""device_name.keyword"", ""size"": 3, ""order"": {""_count"": ""desc""}}}}}","{'took': 57, 'timed_out': False, '_shards': {'total': 180, 'successful': 180, 'skipped': 0, 'failed': 0}, 'hits': {'total': {'value': 10000, 'relation': 'gte'}, 'max_score': None, 'hits': []}, 'aggregations': {'top_devices': {'doc_count_error_upper_bound': 0, 'sum_other_doc_count': 0, 'buckets': []}}}",There are no hits in the provided json string.,,,,,,
Which product has the most queries in the past 10 days?,"{""size"": 0, ""aggs"": {""top_product"": {""terms"": {""field"": ""pname"", ""size"": 1, ""order"": {""_count"": ""desc""}}}}, ""query"": {""range"": {""event_date"": {""gte"": ""2023-06-30T00:00:00.000Z"", ""lte"": ""2023-07-10T23:59:59.999Z""}}}}","{'took': 66, 'timed_out': False, '_shards': {'total': 180, 'successful': 180, 'skipped': 170, 'failed': 0}, 'hits': {'total': {'value': 10000, 'relation': 'gte'}, 'max_score': None, 'hits': []}, 'aggregations': {'top_product': {'doc_count_error_upper_bound': 0, 'sum_other_doc_count': 564374, 'buckets': [{'key': 'remote_client', 'doc_count': 2930256}]}}}","The product with the most queries in the past 10 days is ""remote_client"".",,,,,,
What domains had the most queries?,"{""size"": 0,""aggs"": {""domains"": {""terms"": {""field"": ""qname"",""size"": 1}}}}","{'took': 248, 'timed_out': False, '_shards': {'total': 180, 'successful': 180, 'skipped': 0, 'failed': 0}, 'hits': {'total': {'value': 10000, 'relation': 'gte'}, 'max_score': None, 'hits': []}, 'aggregations': {'domains': {'doc_count_error_upper_bound': 25644, 'sum_other_doc_count': 4522295, 'buckets': [{'key': 'test.com.', 'doc_count': 2734015}]}}}","The domain with the most queries is ""test.com."" with a count of 2734015.",,,,,,
What domain is currently providing the most NXDOMAIN responses on the network?,"{""size"": 0,""query"": {""match"": { ""response"": ""NXDOMAIN""}},""aggs"": {""domains"": {""terms"": {""field"": ""domains"",""size"": 1}}}}","{'took': 421, 'timed_out': False, '_shards': {'total': 180, 'successful': 180, 'skipped': 0, 'failed': 0}, 'hits': {'total': {'value': 10000, 'relation': 'gte'}, 'max_score': None, 'hits': []}, 'aggregations': {'domains': {'doc_count_error_upper_bound': 216983, 'sum_other_doc_count': 6783904, 'buckets': [{'key': 'oiplpikl.xyz', 'doc_count': 821471}]}}}","The domain currently providing the most NXDOMAIN responses on the network is ""oiplpikl.xyz"".",,,,,,
How many unique IP addresses in the network in the past two days?,"{""size"": 0, ""aggs"": {""unique_ips"": {""cardinality"": {""field"": ""qip""}}}, ""query"": {""range"": {""event_date"": {""gte"": ""2023-07-14T00:00:00.000Z"", ""lte"": ""2023-07-16T23:59:59.999Z""}}}}","{'took': 23, 'timed_out': False, '_shards': {'total': 180, 'successful': 180, 'skipped': 175, 'failed': 0}, 'hits': {'total': {'value': 10000, 'relation': 'gte'}, 'max_score': None, 'hits': []}, 'aggregations': {'unique_ips': {'value': 59}}}",There are 59 unique IP addresses in the network in the past two days.,,,,,,
Which product has the most queries in the past 10 days?,"{""size"": 0, ""aggs"": {""top_product"": {""terms"": {""field"": ""pname"", ""size"": 1, ""order"": {""_count"": ""desc""}}}}, ""query"": {""range"": {""event_date"": {""gte"": ""2023-06-30T00:00:00.000Z"", ""lte"": ""2023-07-10T23:59:59.999Z""}}}}","{'took': 69, 'timed_out': False, '_shards': {'total': 180, 'successful': 180, 'skipped': 170, 'failed': 0}, 'hits': {'total': {'value': 10000, 'relation': 'gte'}, 'max_score': None, 'hits': []}, 'aggregations': {'top_product': {'doc_count_error_upper_bound': 0, 'sum_other_doc_count': 564374, 'buckets': [{'key': 'remote_client', 'doc_count': 2930256}]}}}","The product with the most queries in the past 10 days is ""remote_client"" with a count of 2930256.",,,,,,
Which product has the most queries in the past 10 days?,"{""size"": 0, ""aggs"": {""top_product"": {""terms"": {""field"": ""pname"", ""size"": 1, ""order"": {""_count"": ""desc""}}}}, ""query"": {""range"": {""event_date"": {""gte"": ""2023-06-30T00:00:00.000Z"", ""lte"": ""2023-07-10T23:59:59.999Z""}}}}","{'took': 91, 'timed_out': False, '_shards': {'total': 180, 'successful': 180, 'skipped': 170, 'failed': 0}, 'hits': {'total': {'value': 10000, 'relation': 'gte'}, 'max_score': None, 'hits': []}, 'aggregations': {'top_product': {'doc_count_error_upper_bound': 0, 'sum_other_doc_count': 564374, 'buckets': [{'key': 'remote_client', 'doc_count': 2930256}]}}}","The product with the most queries in the past 10 days is ""remote_client"" with a count of 2930256.",,,,,,
Which product has the most queries in the past 2 days,"{""size"": 0, ""aggs"": {""top_product"": {""terms"": {""field"": ""pname"", ""size"": 1, ""order"": {""_count"": ""desc""}}}}, ""query"": {""range"": {""event_date"": {""gte"": ""2023-07-14T00:00:00.000Z"", ""lte"": ""2023-07-16T23:59:59.999Z""}}}}","{'took': 18, 'timed_out': False, '_shards': {'total': 180, 'successful': 180, 'skipped': 175, 'failed': 0}, 'hits': {'total': {'value': 10000, 'relation': 'gte'}, 'max_score': None, 'hits': []}, 'aggregations': {'top_product': {'doc_count_error_upper_bound': 0, 'sum_other_doc_count': 92234, 'buckets': [{'key': 'remote_office', 'doc_count': 130179}]}}}","The product with the most queries in the past 2 days is ""remote_office"".",,,,,,
Which product has the most queries in the past 3 days,"{""size"": 0, ""aggs"": {""top_product"": {""terms"": {""field"": ""pname"", ""size"": 1, ""order"": {""_count"": ""desc""}}}}, ""query"": {""range"": {""event_date"": {""gte"": ""2023-07-13T00:00:00.000Z"", ""lte"": ""2023-07-16T23:59:59.999Z""}}}}","{'took': 20, 'timed_out': False, '_shards': {'total': 180, 'successful': 180, 'skipped': 170, 'failed': 0}, 'hits': {'total': {'value': 10000, 'relation': 'gte'}, 'max_score': None, 'hits': []}, 'aggregations': {'top_product': {'doc_count_error_upper_bound': 0, 'sum_other_doc_count': 120285, 'buckets': [{'key': 'remote_office', 'doc_count': 201894}]}}}","The product with the most queries in the past 3 days is ""remote_office"" with a count of 201894.",,,,,,
Which users have sent DNS queries?,"{""size"": 0, ""aggs"": {""unique_users"": {""cardinality"": {""field"": ""user.keyword""}}}}","{'took': 78, 'timed_out': False, '_shards': {'total': 180, 'successful': 180, 'skipped': 0, 'failed': 0}, 'hits': {'total': {'value': 10000, 'relation': 'gte'}, 'max_score': None, 'hits': []}, 'aggregations': {'unique_users': {'value': 0}}}",There are 0 unique users who have sent DNS queries.,,,,,,
Which users have sent the most queries in the past 2 days?,"{""query"": {""bool"": {""filter"": [{""range"": {""event_date"": {""gte"": ""2023-07-14T00:00:00.000Z"",""lte"": ""2023-07-16T23:59:59.999Z""}}}]}},""size"": 0,""aggs"": {""unique_users"": {""terms"": {""field"": ""user.keyword"",""size"": 10,""order"": {""_count"": ""desc""}}}}}","{'took': 15, 'timed_out': False, '_shards': {'total': 180, 'successful': 180, 'skipped': 175, 'failed': 0}, 'hits': {'total': {'value': 10000, 'relation': 'gte'}, 'max_score': None, 'hits': []}, 'aggregations': {'unique_users': {'doc_count_error_upper_bound': 0, 'sum_other_doc_count': 0, 'buckets': []}}}",There is no information in the provided json string to answer the query.,,,,,,
Which product has the most queries in the past 5 days?,"{""size"": 0, ""aggs"": {""top_product"": {""terms"": {""field"": ""pname"", ""size"": 1, ""order"": {""_count"": ""desc""}}}}, ""query"": {""range"": {""event_date"": {""gte"": ""2023-07-11T00:00:00.000Z"", ""lte"": ""2023-07-16T23:59:59.999Z""}}}}","{'took': 29, 'timed_out': False, '_shards': {'total': 180, 'successful': 180, 'skipped': 170, 'failed': 0}, 'hits': {'total': {'value': 10000, 'relation': 'gte'}, 'max_score': None, 'hits': []}, 'aggregations': {'top_product': {'doc_count_error_upper_bound': 0, 'sum_other_doc_count': 323621, 'buckets': [{'key': 'remote_office', 'doc_count': 397411}]}}}","The product with the most queries in the past 5 days is ""remote_office"".",,,,,,
Which product has the most queries in the past 6 days?,"{""size"": 0, ""aggs"": {""top_product"": {""terms"": {""field"": ""pname"", ""size"": 1, ""order"": {""_count"": ""desc""}}}}, ""query"": {""range"": {""event_date"": {""gte"": ""2023-07-10T00:00:00.000Z"", ""lte"": ""2023-07-16T23:59:59.999Z""}}}}","{'took': 32, 'timed_out': False, '_shards': {'total': 180, 'successful': 180, 'skipped': 170, 'failed': 0}, 'hits': {'total': {'value': 10000, 'relation': 'gte'}, 'max_score': None, 'hits': []}, 'aggregations': {'top_product': {'doc_count_error_upper_bound': 0, 'sum_other_doc_count': 361448, 'buckets': [{'key': 'remote_office', 'doc_count': 482354}]}}}","The product with the most queries in the past 6 days is ""remote_office"".",,,,,,
Which product has the most queries in the past 7 days?,"{""size"": 0, ""aggs"": {""top_product"": {""terms"": {""field"": ""pname"", ""size"": 1, ""order"": {""_count"": ""desc""}}}}, ""query"": {""range"": {""event_date"": {""gte"": ""2023-07-09T00:00:00.000Z"", ""lte"": ""2023-07-16T23:59:59.999Z""}}}}","{'took': 43, 'timed_out': False, '_shards': {'total': 180, 'successful': 180, 'skipped': 170, 'failed': 0}, 'hits': {'total': {'value': 10000, 'relation': 'gte'}, 'max_score': None, 'hits': []}, 'aggregations': {'top_product': {'doc_count_error_upper_bound': 0, 'sum_other_doc_count': 361448, 'buckets': [{'key': 'remote_office', 'doc_count': 482354}]}}}","The product with the most queries in the past 7 days is ""remote_office"".",,,,,,
Which product has the most queries in the past 8 days?,"{""size"": 0, ""aggs"": {""top_product"": {""terms"": {""field"": ""pname"", ""size"": 1, ""order"": {""_count"": ""desc""}}}}, ""query"": {""range"": {""event_date"": {""gte"": ""2023-07-08T00:00:00.000Z"", ""lte"": ""2023-07-16T23:59:59.999Z""}}}}","{'took': 31, 'timed_out': False, '_shards': {'total': 180, 'successful': 180, 'skipped': 170, 'failed': 0}, 'hits': {'total': {'value': 10000, 'relation': 'gte'}, 'max_score': None, 'hits': []}, 'aggregations': {'top_product': {'doc_count_error_upper_bound': 0, 'sum_other_doc_count': 362936, 'buckets': [{'key': 'remote_office', 'doc_count': 493767}]}}}","The product with the most queries in the past 8 days is ""remote_office"".",,,,,,
Which product has the most queries in the past 9 days?,"{""size"": 0, ""aggs"": {""top_product"": {""terms"": {""field"": ""pname"", ""size"": 1, ""order"": {""_count"": ""desc""}}}}, ""query"": {""range"": {""event_date"": {""gte"": ""2023-07-07T00:00:00.000Z"", ""lte"": ""2023-07-15T23:59:59.999Z""}}}}","{'took': 34, 'timed_out': False, '_shards': {'total': 180, 'successful': 180, 'skipped': 170, 'failed': 0}, 'hits': {'total': {'value': 10000, 'relation': 'gte'}, 'max_score': None, 'hits': []}, 'aggregations': {'top_product': {'doc_count_error_upper_bound': 0, 'sum_other_doc_count': 361331, 'buckets': [{'key': 'remote_office', 'doc_count': 511694}]}}}","The product with the most queries in the past 9 days is ""remote_office"".",,,,,,
Which product has the most queries in the past 10 days?,"{""size"": 0, ""aggs"": {""top_product"": {""terms"": {""field"": ""pname"", ""size"": 1, ""order"": {""_count"": ""desc""}}}}, ""query"": {""range"": {""event_date"": {""gte"": ""2023-06-30T00:00:00.000Z"", ""lte"": ""2023-07-10T23:59:59.999Z""}}}}","{'took': 77, 'timed_out': False, '_shards': {'total': 180, 'successful': 180, 'skipped': 170, 'failed': 0}, 'hits': {'total': {'value': 10000, 'relation': 'gte'}, 'max_score': None, 'hits': []}, 'aggregations': {'top_product': {'doc_count_error_upper_bound': 0, 'sum_other_doc_count': 564374, 'buckets': [{'key': 'remote_client', 'doc_count': 2930256}]}}}","The product with the most queries in the past 10 days is ""remote_client"".",,,,,,
Which users have sent the most queries in the past 2 days?,"{""query"": {""bool"": {""filter"": [{""range"": {""event_date"": {""gte"": ""2023-07-14T00:00:00.000Z"",""lte"": ""2023-07-16T23:59:59.999Z""}}}]}},""size"": 0,""aggs"": {""unique_users"": {""terms"": {""field"": ""user"",""size"": 10,""order"": {""_count"": ""desc""}}}}}","{'took': 31, 'timed_out': False, '_shards': {'total': 180, 'successful': 180, 'skipped': 175, 'failed': 0}, 'hits': {'total': {'value': 10000, 'relation': 'gte'}, 'max_score': None, 'hits': []}, 'aggregations': {'unique_users': {'doc_count_error_upper_bound': 28, 'sum_other_doc_count': 1373, 'buckets': [{'key': 'unknown', 'doc_count': 171661}, {'key': 'mshivanandamurthy', 'doc_count': 39826}, {'key': 'qa-infoblox', 'doc_count': 9613}, {'key': 'ti-detection', 'doc_count': 940}, {'key': 'santhoshbaskaran', 'doc_count': 305}, {'key': 'iwagner', 'doc_count': 227}, {'key': 'aayala', 'doc_count': 214}, {'key': 'sford', 'doc_count': 202}, {'key': 'andrescombs', 'doc_count': 191}, {'key': 'kimberly45', 'doc_count': 191}]}}}",The user who has sent the most queries in the past 2 days is 'mshivanandamurthy'.,,,,,,
Which product has the most queries in the past 10 days?,"{""size"": 0, ""aggs"": {""top_product"": {""terms"": {""field"": ""pname"", ""size"": 1, ""order"": {""_count"": ""desc""}}}}, ""query"": {""range"": {""event_date"": {""gte"": ""2023-06-30T00:00:00.000Z"", ""lte"": ""2023-07-10T23:59:59.999Z""}}}}","{'took': 92, 'timed_out': False, '_shards': {'total': 180, 'successful': 180, 'skipped': 170, 'failed': 0}, 'hits': {'total': {'value': 10000, 'relation': 'gte'}, 'max_score': None, 'hits': []}, 'aggregations': {'top_product': {'doc_count_error_upper_bound': 0, 'sum_other_doc_count': 564374, 'buckets': [{'key': 'remote_client', 'doc_count': 2930256}]}}}","The product with the most queries in the past 10 days is ""remote_client"".",,,,,,
Which users have sent DNS queries?,"{""size"": 0, ""aggs"": {""unique_users"": {""cardinality"": {""field"": ""user.keyword""}}}}","{'took': 62, 'timed_out': False, '_shards': {'total': 180, 'successful': 180, 'skipped': 0, 'failed': 0}, 'hits': {'total': {'value': 10000, 'relation': 'gte'}, 'max_score': None, 'hits': []}, 'aggregations': {'unique_users': {'value': 0}}}","There are no users who have sent DNS queries. The value of ""unique_users"" in the output is 0.",,,,,,
Which users have sent the most queries in the past 2 days?,"{""query"": {""bool"": {""filter"": [{""range"": {""event_date"": {""gte"": ""2023-07-14T00:00:00.000Z"",""lte"": ""2023-07-16T23:59:59.999Z""}}}]}},""size"": 0,""aggs"": {""unique_users"": {""terms"": {""field"": ""user"",""size"": 10,""order"": {""_count"": ""desc""}}}}}","{'took': 18, 'timed_out': False, '_shards': {'total': 180, 'successful': 180, 'skipped': 175, 'failed': 0}, 'hits': {'total': {'value': 10000, 'relation': 'gte'}, 'max_score': None, 'hits': []}, 'aggregations': {'unique_users': {'doc_count_error_upper_bound': 28, 'sum_other_doc_count': 1373, 'buckets': [{'key': 'unknown', 'doc_count': 171661}, {'key': 'mshivanandamurthy', 'doc_count': 39826}, {'key': 'qa-infoblox', 'doc_count': 9613}, {'key': 'ti-detection', 'doc_count': 940}, {'key': 'santhoshbaskaran', 'doc_count': 305}, {'key': 'iwagner', 'doc_count': 227}, {'key': 'aayala', 'doc_count': 214}, {'key': 'sford', 'doc_count': 202}, {'key': 'andrescombs', 'doc_count': 191}, {'key': 'kimberly45', 'doc_count': 191}]}}}",The user 'mshivanandamurthy' has sent the most queries in the past 2 days.,,,,,,
Which product has the most queries in the past 10 days?,"{""size"": 0, ""aggs"": {""top_product"": {""terms"": {""field"": ""pname"", ""size"": 1, ""order"": {""_count"": ""desc""}}}}, ""query"": {""range"": {""event_date"": {""gte"": ""2023-06-30T00:00:00.000Z"", ""lte"": ""2023-07-10T23:59:59.999Z""}}}}","{'took': 122, 'timed_out': False, '_shards': {'total': 180, 'successful': 180, 'skipped': 170, 'failed': 0}, 'hits': {'total': {'value': 10000, 'relation': 'gte'}, 'max_score': None, 'hits': []}, 'aggregations': {'top_product': {'doc_count_error_upper_bound': 0, 'sum_other_doc_count': 564374, 'buckets': [{'key': 'remote_client', 'doc_count': 2930256}]}}}","The product with the most queries in the past 10 days is ""remote_client"".",,,,,,
Which users have sent DNS queries?,"{""size"": 0, ""aggs"": {""unique_users"": {""cardinality"": {""field"": ""user.keyword""}}}}","{'took': 63, 'timed_out': False, '_shards': {'total': 180, 'successful': 180, 'skipped': 0, 'failed': 0}, 'hits': {'total': {'value': 10000, 'relation': 'gte'}, 'max_score': None, 'hits': []}, 'aggregations': {'unique_users': {'value': 0}}}",There are no users who have sent DNS queries.,,,,,,
Which users have sent DNS queries?,"{""size"": 0, ""aggs"": {""unique_users"": {""cardinality"": {""field"": ""user.keyword""}}}}","{'took': 71, 'timed_out': False, '_shards': {'total': 180, 'successful': 180, 'skipped': 0, 'failed': 0}, 'hits': {'total': {'value': 10000, 'relation': 'gte'}, 'max_score': None, 'hits': []}, 'aggregations': {'unique_users': {'value': 0}}}",There are no users who have sent DNS queries.,,,,,,
Which users have sent the most queries in the past 2 days?,"{""query"": {""bool"": {""filter"": [{""range"": {""event_date"": {""gte"": ""2023-07-14T00:00:00.000Z"",""lte"": ""2023-07-16T23:59:59.999Z""}}}]}},""size"": 0,""aggs"": {""unique_users"": {""terms"": {""field"": ""user"",""size"": 10,""order"": {""_count"": ""desc""}}}}}","{'took': 17, 'timed_out': False, '_shards': {'total': 180, 'successful': 180, 'skipped': 175, 'failed': 0}, 'hits': {'total': {'value': 10000, 'relation': 'gte'}, 'max_score': None, 'hits': []}, 'aggregations': {'unique_users': {'doc_count_error_upper_bound': 28, 'sum_other_doc_count': 1373, 'buckets': [{'key': 'unknown', 'doc_count': 171661}, {'key': 'mshivanandamurthy', 'doc_count': 39826}, {'key': 'qa-infoblox', 'doc_count': 9613}, {'key': 'ti-detection', 'doc_count': 940}, {'key': 'santhoshbaskaran', 'doc_count': 305}, {'key': 'iwagner', 'doc_count': 227}, {'key': 'aayala', 'doc_count': 214}, {'key': 'sford', 'doc_count': 202}, {'key': 'andrescombs', 'doc_count': 191}, {'key': 'kimberly45', 'doc_count': 191}]}}}",The user who has sent the most queries in the past 2 days is 'mshivanandamurthy'.,,,,,,
Which product has the most queries in the past 10 days?,"{""size"": 0, ""aggs"": {""top_product"": {""terms"": {""field"": ""pname"", ""size"": 1, ""order"": {""_count"": ""desc""}}}}, ""query"": {""range"": {""event_date"": {""gte"": ""2023-06-30T00:00:00.000Z"", ""lte"": ""2023-07-10T23:59:59.999Z""}}}}","{'took': 216, 'timed_out': False, '_shards': {'total': 180, 'successful': 180, 'skipped': 170, 'failed': 0}, 'hits': {'total': {'value': 10000, 'relation': 'gte'}, 'max_score': None, 'hits': []}, 'aggregations': {'top_product': {'doc_count_error_upper_bound': 0, 'sum_other_doc_count': 564374, 'buckets': [{'key': 'remote_client', 'doc_count': 2930256}]}}}","The product with the most queries in the past 10 days is ""remote_client"" with a count of 2930256.",,,,,,
Which users have sent the most queries in the past 2 days?,"{""query"": {""bool"": {""filter"": [{""range"": {""event_date"": {""gte"": ""2023-07-14T00:00:00.000Z"",""lte"": ""2023-07-16T23:59:59.999Z""}}}]}},""size"": 0,""aggs"": {""unique_users"": {""terms"": {""field"": ""user"",""size"": 10,""order"": {""_count"": ""desc""}}}}}","{'took': 52, 'timed_out': False, '_shards': {'total': 180, 'successful': 180, 'skipped': 175, 'failed': 0}, 'hits': {'total': {'value': 10000, 'relation': 'gte'}, 'max_score': None, 'hits': []}, 'aggregations': {'unique_users': {'doc_count_error_upper_bound': 28, 'sum_other_doc_count': 1373, 'buckets': [{'key': 'unknown', 'doc_count': 171661}, {'key': 'mshivanandamurthy', 'doc_count': 39826}, {'key': 'qa-infoblox', 'doc_count': 9613}, {'key': 'ti-detection', 'doc_count': 940}, {'key': 'santhoshbaskaran', 'doc_count': 305}, {'key': 'iwagner', 'doc_count': 227}, {'key': 'aayala', 'doc_count': 214}, {'key': 'sford', 'doc_count': 202}, {'key': 'andrescombs', 'doc_count': 191}, {'key': 'kimberly45', 'doc_count': 191}]}}}","The user who sent the most queries in the past 2 days cannot be determined from the given json string as it does not contain any time-based information. However, the json string does contain a list of unique users and the number of queries they have sent. The user 'mshivanandamurthy' has sent the second highest number of queries with a count of 39826.",,,,,,
Which users have sent DNS queries?,"{""size"": 0, ""aggs"": {""unique_users"": {""cardinality"": {""field"": ""user.keyword""}}}}","{'took': 44, 'timed_out': False, '_shards': {'total': 180, 'successful': 180, 'skipped': 0, 'failed': 0}, 'hits': {'total': {'value': 10000, 'relation': 'gte'}, 'max_score': None, 'hits': []}, 'aggregations': {'unique_users': {'value': 0}}}",There are no users who have sent DNS queries.,,,,,,
Which users have sent the most queries in the past 2 days?,"{""query"": {""bool"": {""filter"": [{""range"": {""event_date"": {""gte"": ""2023-07-14T00:00:00.000Z"",""lte"": ""2023-07-16T23:59:59.999Z""}}}]}},""size"": 0,""aggs"": {""unique_users"": {""terms"": {""field"": ""user"",""size"": 10,""order"": {""_count"": ""desc""}}}}}","{'took': 32, 'timed_out': False, '_shards': {'total': 180, 'successful': 180, 'skipped': 175, 'failed': 0}, 'hits': {'total': {'value': 10000, 'relation': 'gte'}, 'max_score': None, 'hits': []}, 'aggregations': {'unique_users': {'doc_count_error_upper_bound': 28, 'sum_other_doc_count': 1373, 'buckets': [{'key': 'unknown', 'doc_count': 171661}, {'key': 'mshivanandamurthy', 'doc_count': 39826}, {'key': 'qa-infoblox', 'doc_count': 9613}, {'key': 'ti-detection', 'doc_count': 940}, {'key': 'santhoshbaskaran', 'doc_count': 305}, {'key': 'iwagner', 'doc_count': 227}, {'key': 'aayala', 'doc_count': 214}, {'key': 'sford', 'doc_count': 202}, {'key': 'andrescombs', 'doc_count': 191}, {'key': 'kimberly45', 'doc_count': 191}]}}}","The user who has sent the most queries in the past 2 days cannot be determined from the given json string as it does not contain any time-based information. However, the json string does contain a list of unique users and the number of queries they have sent. The user 'mshivanandamurthy' has sent the second highest number of queries with a count of 39826.",,,,,,
Which users have sent DNS queries?,"{""size"": 0, ""aggs"": {""unique_users"": {""cardinality"": {""field"": ""user.keyword""}}}}","{'took': 54, 'timed_out': False, '_shards': {'total': 180, 'successful': 180, 'skipped': 0, 'failed': 0}, 'hits': {'total': {'value': 10000, 'relation': 'gte'}, 'max_score': None, 'hits': []}, 'aggregations': {'unique_users': {'value': 0}}}","There are no users who have sent DNS queries. The value of ""unique_users"" in the output is 0.",,,,,,
Which product has the most queries in the past 10 days?,"{""size"": 0, ""aggs"": {""top_product"": {""terms"": {""field"": ""pname"", ""size"": 1, ""order"": {""_count"": ""desc""}}}}, ""query"": {""range"": {""event_date"": {""gte"": ""2023-06-30T00:00:00.000Z"", ""lte"": ""2023-07-10T23:59:59.999Z""}}}}","{'took': 69, 'timed_out': False, '_shards': {'total': 180, 'successful': 180, 'skipped': 170, 'failed': 0}, 'hits': {'total': {'value': 10000, 'relation': 'gte'}, 'max_score': None, 'hits': []}, 'aggregations': {'top_product': {'doc_count_error_upper_bound': 0, 'sum_other_doc_count': 564374, 'buckets': [{'key': 'remote_client', 'doc_count': 2930256}]}}}","The product with the most queries in the past 10 days is ""remote_client"" with a count of 2930256.",,,,,,
Which users have sent DNS queries?,"{""size"": 0, ""aggs"": {""unique_users"": {""cardinality"": {""field"": ""user.keyword""}}}}","{'took': 53, 'timed_out': False, '_shards': {'total': 180, 'successful': 180, 'skipped': 0, 'failed': 0}, 'hits': {'total': {'value': 10000, 'relation': 'gte'}, 'max_score': None, 'hits': []}, 'aggregations': {'unique_users': {'value': 0}}}",There are no users who have sent DNS queries.,,,,,,
Which product has the most queries in the past 10 days?,"{""size"": 0, ""aggs"": {""top_product"": {""terms"": {""field"": ""pname"", ""size"": 1, ""order"": {""_count"": ""desc""}}}}, ""query"": {""range"": {""event_date"": {""gte"": ""2023-06-30T00:00:00.000Z"", ""lte"": ""2023-07-10T23:59:59.999Z""}}}}","{'took': 73, 'timed_out': False, '_shards': {'total': 180, 'successful': 180, 'skipped': 170, 'failed': 0}, 'hits': {'total': {'value': 10000, 'relation': 'gte'}, 'max_score': None, 'hits': []}, 'aggregations': {'top_product': {'doc_count_error_upper_bound': 0, 'sum_other_doc_count': 564374, 'buckets': [{'key': 'remote_client', 'doc_count': 2930256}]}}}","The product with the most queries in the past 10 days is ""remote_client"" with a count of 2930256.",,,,,,
Which users have sent the most queries in the past 2 days?,"{""query"": {""bool"": {""filter"": [{""range"": {""event_date"": {""gte"": ""2023-07-06T00:00:00.000Z"",""lte"": ""2023-07-08T23:59:59.999Z""}}}]}},""size"": 0,""aggs"": {""unique_users"": {""terms"": {""field"": ""user"",""size"": 10,""order"": {""_count"": ""desc""}}}}}","{'took': 18, 'timed_out': False, '_shards': {'total': 180, 'successful': 180, 'skipped': 170, 'failed': 0}, 'hits': {'total': {'value': 10000, 'relation': 'gte'}, 'max_score': None, 'hits': []}, 'aggregations': {'unique_users': {'doc_count_error_upper_bound': 1, 'sum_other_doc_count': 102, 'buckets': [{'key': 'unknown', 'doc_count': 145361}, {'key': 'mshivanandamurthy', 'doc_count': 28431}, {'key': 'rchennuru', 'doc_count': 23169}, {'key': 'qa-infoblox', 'doc_count': 8393}, {'key': 'ti-detection', 'doc_count': 485}, {'key': 'osborneedward', 'doc_count': 202}, {'key': 'romerokevin', 'doc_count': 202}, {'key': 'jennifer48', 'doc_count': 189}, {'key': 'katherine16', 'doc_count': 188}, {'key': 'fmartin', 'doc_count': 14}]}}}","The user who sent the most queries in the past 2 days cannot be determined from the given json string as it does not contain any time-based information. However, the json string does contain a list of unique users and the number of queries they have sent. The user 'mshivanandamurthy' has sent the second highest number of queries with a count of 28431.",,,,,,How many unique users sent dns queries over the past two days?,"{""size"": 0, ""aggs"": {""unique_users"": {""cardinality"": {""field"": ""user""}}}, ""query"": {""range"": {""event_date"": {""gte"": ""2023-07-16T00:00:00.000Z"", ""lte"": ""2023-07-18T23:59:59.999Z""}}}}","{'took': 32, 'timed_out': False, '_shards': {'total': 180, 'successful': 180, 'skipped': 170, 'failed': 0}, 'hits': {'total': {'value': 10000, 'relation': 'gte'}, 'max_score': None, 'hits': []}, 'aggregations': {'unique_users': {'value': 56}}}",56 unique users sent dns queries over the past two days.
